EnglishEasy;Global warming kg CO2;Terrestrial acidification kg SO2;Freshwater eutrophication kg P ;Marine eutrophication kg N ;Land use m2a crop;Water consumption m3;NEVO code;Food group;Food name;Energy (kJ);Energy (kcal);Protein (g);Fat (g);Fatty acids (g);Carbohydrates (g);Sugars (g);Fiber (g);Alcohol (g); Chloride (mg);Sodium (mg);Potassium (mg);Calcium (mg);Phosphorus (mg);Magnesium (mg);Iron (mg);Copper (mg);Selenium (�g);Zinc(mg);Iodine (�g);Vitamin D (�g);Vitamin E (mg);Vitamin K (�g);Vitamin B1 (mg);Vitamin B2 (mg);Vitamin B6 (mg);Vitamin B12 (�g);Vitamin B3 (mg);Vitamin B3 (mg);Vitamin C (mg)
;0,615258128;0,001914273;5,56E-05;0,000533716;0,264589524;0,008916192;1456;Potatoes and tubers;Chips pre-fried frozen unprepared;614;146;2,3;3,8;3,7;24,4;0,4;2,5;0;0;34;426;9;77;21;0,5;0,11;1;0,37;2,4;0;0,6;0,2;0,07;0,03;0,172;0;1,6;1,2;17
0;0,108709902;0,000677535;9,44E-06;0,000141874;0,052204901;0,001018343;121;Potatoes and tubers;Potatoes mashed fresh prep with semi-skimmed milk and margarin;350;83;2,2;1,8;1,6;13,9;1,4;1,2;0;1;21;292;38;56;17;0,4;0,06;0;0,35;5,6;0,1;0,4;0,4;0,06;0,06;0,145;0,12;1,3;0,8;7
1;0,092314133;0,00047592;1,17E-05;0,000119007;0,035034618;0,001402564;982;Potatoes and tubers;Potatoes without skin boiled ;353;83;1,9;0,3;0,2;17,4;0,2;1,6;0;0;4;344;9;41;19;0,5;0,08;0;0,33;2,5;0;0,1;;0,06;0,01;0,187;0;1,4;1,1;9
2;0,070714556;0,000224979;1,13E-05;5,45E-05;0,026152547;0,001090175;390;Alcoholic beverages;Beer pilsner;185;44;0,4;0;0;3;0;0,3;4,3;0;3;54;3;28;8;0;0,01;0;0,03;;0;0;;0;0,03;0,055;0,03;1;1;0
3;0,248746451;0,000685207;6,54E-05;4,38E-06;0,007742409;0,004999392;401;Alcoholic beverages;Gin young Dutch;812;196;0;0;0;0;0;0;28;0;0;0;0;0;0;0;0;0;0;;0;0;;0;0;0;0;;0;0
4;0,202083304;0,001001338;1,25E-05;9,21E-05;0,126426593;0,009204114;422;Alcoholic beverages;Wine red;341;82;0;0;0;3;3;0;10;0;7;70;8;12;10;0,6;0,02;0;0,05;7,4;0;0;;0;0,02;0,03;0;;0,1;0
5;0,215890867;0,001006265;1,21E-05;8,85E-05;0,121442908;0,008898443;2610;Alcoholic beverages;Wine rose;297;71;0,1;0;0;2,5;2,5;0;8,7;0;4;75;12;6;7;1;0,02;0;0;;0;0;;0;0,01;0,02;0;;0,1;0
6;0,227673599;0,001009268;1,17E-05;8,50E-05;0,116459223;0,008589752;423;Alcoholic beverages;Wine white dry;276;67;0,1;0;0;0,6;0,6;0;9,1;0;4;86;12;8;8;0,6;0,01;0;0,04;3,4;0;0;;0;0,01;0,02;0;;0,1;0
7;0,122950435;0,000714809;1,39E-05;0,000275739;0,109096078;0,001532075;2793;Bread;Wheat baguette white;1139;269;9,8;1,2;1;53,4;2,9;2,8;0;1;422;102;27;92;20;0,9;0,12;3;0,61;61,2;0;0,1;;0,07;0,04;0,029;0;;0,9;0
8;0,119814407;0,000699144;1,48E-05;0,000273174;0,125226222;0,002121229;2350;Bread;Multigrain bread white and brown with seeds;1099;261;12,3;4,8;4,1;39;2,1;6,3;0;1;411;220;45;168;57;1,8;0,24;6;1,24;59,5;0;0,1;;0,12;0,07;0,089;0;;1,7;0
9;0,143561611;0,000665307;1,50E-05;0,000221057;0,158925204;0,002401282;1395;Bread;Rye bread wholemeal/rye wheat bread brown ;826;196;5,8;1,3;1,1;36,1;7,9;8,2;0;0;297;240;33;174;57;2,6;0,18;1;1,49;43,1;0;0,9;;0,07;0,06;0,192;0;;1,1;0
10;0,119072034;0,000701971;1,46E-05;0,000280206;0,110737811;0,00213035;248;Bread;Wheat bread white water based;1046;247;9;1,6;1,4;47,8;2,2;2,5;0;1;414;115;29;84;19;0,8;0,12;4;0,6;60;0;0,1;;0,06;0,04;0,032;0;;0,9;0
11;0,103277029;0,000583644;1,22E-05;0,000231608;0,091493226;0,001647361;246;Bread;Wheat bread wholemeal fine and coarse;990;234;11,1;2,3;2,1;39;1,9;6,7;0;1;393;267;34;200;66;2;0,22;5;1,41;57;0;0,2;;0,11;0,07;0,103;0;;1,6;0
12;0,172594963;0,0010027;2,41E-05;0,00037016;0,215943491;0,009016973;2803;Bread;Wheat currant bun white;1134;268;8,4;2,5;2,3;50,9;31,8;4,2;0;5;387;330;50;105;29;1,7;0,25;3;0,64;56,2;0;0,7;;0,07;0,1;0,097;0;;1,3;0
13;0,177237578;0,001022932;1,91E-05;0,00030356;0,305541599;0,004204149;229;Bread;Crispbread ;1587;376;11,6;5,6;4,7;63,6;3,3;12,7;0;0;412;383;73;293;93;3,2;0,38;2;2,52;1,9;0;1;;0,25;0,13;0,245;0;;2;0
14;0,242444652;0,001083851;2,47E-05;0,000460648;0,348332391;0,003766486;2818;Bread;Croissant ;1684;403;9,6;21,1;20;42,3;4,5;2,5;0;32;466;100;24;83;17;0,7;0,11;4;0,69;0,5;0;1,8;;0,07;0,1;0,042;0;;1,2;0
15;0,119072034;0,000701971;1,46E-05;0,000280206;0,110737811;0,00213035;2795;Bread;Wheat bread roll white hard;1173;277;10;1,5;1,3;54,4;3;2,8;0;1;403;126;48;112;23;1;0,13;4;0,71;58,4;0;0,1;;0,08;0,04;0,044;0;;1,2;0
16;0,119072034;0,000701971;1,46E-05;0,000280206;0,110737811;0,00213035;230;Bread;Wheat bread roll white soft;1108;262;9,7;3,6;3,1;45,9;3,3;3,8;0;6;432;177;37;103;22;0,9;0,12;5;0,71;62,7;0;0,2;;0,07;0,1;0,04;0;;1,4;0
17;0,087839642;0,000180084;2,94E-06;9,89E-07;0,001517012;0,001135785;1897;Vegetables;Seaweed kelp raw;200;47;1,7;0,6;0,4;8,3;0,6;1,3;0;0;233;89;168;42;121;2,9;0,13;1;1,23;7553;0;0,9;;0,05;0,15;0,002;0;;0,5;3
18;0,432034306;0,005774453;4,04E-05;0,000471431;0,378510372;0,010702512;84;Eggs;Egg whole chicken boiled;535;128;12,3;8,8;7,3;0;0;0;0;371;149;141;64;247;15;2,4;0,07;20;1,63;35,5;1,8;4,2;0,3;0,08;0,35;0,114;1,54;3,4;0;0
19;0,184961095;0,000558321;1,38E-05;6,02E-05;0,02824953;0,005709998;179;Fruits;Apple sauce tinned;321;76;0,2;0,1;0,1;17,6;17,1;1,9;0;0;10;94;4;8;4;0,3;0,02;0;0,04;;0;0,4;0,5;0,02;0,02;0,05;0;;0,1;6
21;0,052542867;0,000256083;6,77E-06;5,40E-05;0,025116127;0,003772897;875;Fruits;Apple with skin ;238;56;0,3;0,2;0,1;12;10,4;2;0;0;1;123;4;11;5;0,1;0,03;0;0,08;2,5;0;0,3;3;0,01;0,01;0,034;0;0,2;0,2;5
22;0,146636822;0,000587016;1,17E-05;9,73E-05;0,133890511;0,060022915;149;Fruits;Apricots with skin;188;44;0,9;0,1;0,1;8;8;1,7;0;0;0;283;20;20;11;0,8;0,06;0;0,1;;0;0,5;3,3;0,06;0,05;0,06;0;;0,8;5
23;0,131531987;0,000866953;1,50E-05;0,000147492;0,216769688;0,128631142;689;Fruits;Avocado;767;186;2;18,4;17,3;1,8;0,5;3,1;0;0;5;429;15;50;26;0,5;0,3;0;0,6;1,5;0;2,7;21;0,11;0,14;0,32;0;;1,6;3
24;0,075661768;0,00060993;2,82E-06;0,000111827;0,040006226;0,008447327;151;Fruits;Banana;391;92;1,1;0,3;0,2;20;15,5;1,9;0;0;0;374;6;28;28;0,3;0,09;4;0,25;2,5;0;0,2;0,3;0,04;0,03;0,291;0;1;0,8;8
25;0,131085942;0,000530649;5,59E-06;3,09E-05;0,402175731;0,00068151;2290;Meat substitutes and dairy substitutes;Coconut milk;714;173;1,4;17,4;16,4;2,5;1,5;0,5;0;0;15;163;3;41;26;0,7;0,18;0;0,32;2;0;0,2;;0;0;0;0;0,4;0,2;0
27;0,229051027;0,001404562;3,67E-05;0,000341734;0,172898901;0,319881789;181;Fruits;Dates dried;1293;305;2;0;0;70,5;70,5;7,5;0;0;10;600;70;60;50;1,5;0,26;3;0,3;;0;0,7;3,7;0,05;0,1;0,1;0;;2,2;0
28;0,344203499;0,001537567;4,84E-05;0,000384659;0,585116656;0,204395403;193;Fruits;Figs dried;1095;259;3,3;0,9;0,7;54,1;47,9;9,8;0;0;10;680;162;67;68;2;0,29;1;0,55;;0;0,4;15,6;0,09;0,08;0,106;0;;0,6;1
29;0,108597617;0,00050688;1,29E-05;0,000100664;0,152496576;0,052556197;1010;Fruits;Figs fresh;356;84;1;0;0;19;19;2;0;0;1;253;54;32;15;0,6;0,06;0;0,3;;0;0,1;4,7;0,06;0,05;0,11;0;;0,5;3
30;0,143887007;0,000474082;9,64E-06;7,17E-05;0,054130459;0,010829019;2875;Fruits;Fruit snack Knijpfruit/Slurpfruit;268;63;0,4;0,2;0,1;14,2;12,8;1,6;0;0;17;116;4;9;4;0,1;0,03;0;0,06;2,5;0;0,1;;0,01;0,01;0,035;0;;0,2;3
31;0,110039863;0,000477179;8,76E-06;6,23E-05;0,06581681;0,011889941;160;Fruits;Grapes with skin ;331;78;0,6;0,2;0,2;16,8;16,3;1,8;0;0;3;233;17;25;9;0,2;0,11;0;0,2;2,5;0;0,3;8,6;0,04;0,02;0,052;0;0,3;0,2;2
32;0,072141666;0,000558125;1,28E-05;9,31E-05;0,04446703;0,031857388;1056;Fruits;Kiwi fruit green;263;62;0,9;0,8;0,6;10,8;10,3;2,3;0;0;3;312;30;34;14;0,5;0,12;1;0,21;;0;1,4;11;0,01;0,02;0,072;0;0,6;0,3;79
33;0,115150982;0,000621813;7,38E-06;7,15E-05;0,075645363;0,020713579;158;Fruits;Lemon;153;36;0,8;0,3;0,2;3;2;2;0;0;1;193;10;25;9;0,1;0,05;0;0,1;;0;0,8;0;0,06;0,02;0,04;0;;0,2;40
34;0,086487909;0,000522893;1,44E-05;0,000139371;0,058322241;0,033129944;165;Fruits;Manderins;194;46;0,7;0,1;0,1;9,9;8,2;0,9;0;0;1;145;25;19;10;0,1;0,03;0;0,08;;0;0,3;0,1;0,07;0,03;0,076;0;0,3;0,3;40
35;0,150610973;0,000522402;1,63E-05;9,23E-05;0,069313562;0,036987803;692;Fruits;Mango;278;66;0,6;0,2;0,1;14,3;13,9;1,6;0;0;1;143;14;12;11;0,2;0,12;2;0,07;;0;1,1;0,5;0,03;0,04;0,04;0;;0,5;23
36;0,116850203;0,00046764;7,44E-06;7,94E-05;0,070019396;0,004428443;1106;Fruits;Melon honeydew;127;30;0,9;0;0;6,3;6,3;0,6;0;0;20;350;13;21;11;0,6;0,03;0;0,17;;0;0,2;0,1;0,05;0,02;0,1;0;;0,6;32
38;0,250240549;0,00171597;4,20E-05;0,000371707;0,537705984;0,069910019;3336;Fruits;Olives in brine tinned/glass;500;122;0,9;11,6;11,1;0,8;0,4;5,6;0;0;1559;76;61;16;31;2,1;0,22;1;0,2;0,8;0;2;1,1;0,02;0,01;0,018;0;;0,2;0
39;0,078252909;0,000487791;1,15E-05;0,000101978;0,047074807;0,040093168;171;Fruits;Orange;200;48;0,8;1;0,8;7,9;7,7;2;0;0;1;177;23;24;10;0,1;0,04;0;0,17;2,5;0;0,4;0,1;0,06;0,03;0,06;0;0,6;0,4;51
40;0,069181984;0,000354662;9,05E-06;7,03E-05;0,064095308;0,033494185;169;Fruits;Peach without skin;172;41;1;0;0;7,9;7,9;1,4;0;0;0;178;4;22;8;0,2;0,06;0;0,1;;0;0;5,8;0,01;0,02;0,024;0;;0,5;7
42;0,10054415;0,000782965;7,35E-06;0,000183252;0,027778486;0,001860397;150;Fruits;Pineapple;229;54;0,5;0,1;0,1;12;11,6;1,6;0;0;0;116;12;8;15;0,2;0,1;0;0,2;;0;0,1;0,2;0,08;0,02;0,086;0;0,4;0,3;43
43;0,641216726;0,000700986;3,55E-05;0,000224407;0,043948635;0,041006909;148;Fruits;Strawberries;123;29;0,7;0;0;5,1;5,1;1,1;0;0;3;183;15;29;13;0,5;0,04;0;0,12;;0;0,4;3;0,02;0,03;0,056;0;;0,3;60
44;0,391381316;0,003401025;3,83E-05;0,000842541;0,326766916;0,059752993;257;Pastry and biscuits;Almond paste filled tarts ;1728;411;6,4;15,8;14,9;59,9;31,8;2;0;28;150;158;39;138;28;0,9;0,11;3;0,54;;0,1;2,5;;0,05;0,05;0,027;0;1,6;0,6;0
45;0,352805228;0,003272742;2,29E-05;0,000522567;0,169759921;0,006703134;2622;Pastry and biscuits;Apple pie Dutch with shortbread with butter;937;223;2,4;9,2;8,5;31,6;21;1,5;0;39;61;139;15;39;9;0,4;0,08;2;0,23;6,3;0,1;0,6;3,8;0,03;0,03;0,048;0,1;0,4;0,2;2
46;0,228554326;0,001178909;2,15E-05;0,000279935;0,188571616;0,006027945;251;Pastry and biscuits;Apple pie Dutch with shortbread without butter;943;225;3,4;9;8,5;31,6;20,9;1,5;0;21;113;94;23;63;13;1;0,07;2;0,28;6,2;0,9;1,8;2,3;0,03;0,1;0,039;0,07;0,4;0,2;2
47;0,352466405;0,001229516;3,40E-05;0,00040689;0,169756175;0,001727741;263;Pastry and biscuits;Biscuit brown/wholemeal;1928;459;7,8;14,9;14,1;70,7;21,6;5,5;0;30;338;213;30;300;64;1,8;0,25;4;1,35;3,9;0;4;;0,25;0,1;0,06;0;;2;0
48;0,272234608;0,002074266;3,31E-05;0,000613703;0,379042009;0,011124332;2232;Pastry and biscuits;Biscuit fruit;1672;396;5,5;7,1;6,6;76,3;36,7;2,6;0;5;200;379;35;125;26;1,4;0,18;5;0,3;1,9;0;2,8;;0,05;0,03;0,076;0;;0,8;0
49;0,310251579;0,001208526;3,05E-05;0,000405188;0,166048953;0,001700711;252;Pastry and biscuits;Biscuit;1840;437;7,6;11;10,5;75,5;18,6;2,5;0;1;402;411;48;180;20;1;0,08;4;0,59;1,9;0;2,4;;0,07;0,03;0,027;0;2,4;1;0
50;0,135342327;0,000807408;1,82E-05;0,000260956;0,164906334;0,003174454;240;Pastry and biscuits;Cake Dutch spiced Ontbijtkoek;1305;308;3;1,2;0,8;69,5;37,3;3,6;0;0;232;132;17;100;16;0,7;0,06;3;0,65;15;0,1;0,5;;0,03;0,03;0,012;0;1,1;0,6;0
51;0,574996274;0,007772363;4,01E-05;0,001100818;0,353706841;0,007357546;1969;Pastry and biscuits;Cake made with butter;1667;399;5,8;22,7;21;42,4;25,5;0,8;0;148;463;130;36;170;11;0,8;0,05;7;0,56;16,7;0,5;1,9;7,7;0,04;0,11;0,058;0,25;1,1;0,3;0
52;0,326631664;0,003001406;3,89E-05;0,000547066;0,397011948;0,006510616;253;Pastry and biscuits;Cake without butter;1648;394;5,7;22,4;21,1;42,2;25,3;0,8;0;92;413;86;22;87;9;0,9;0,06;6;0,57;16,3;2,3;2,7;4,2;0,04;0,1;0,058;0,38;1,1;0,3;0
53;0,386241029;0,003160954;2,54E-05;0,000606663;0,228231683;0,004058879;713;Pastry and biscuits;Waffle syrup ;1984;473;3,8;19,3;18,1;70,2;36,7;1,6;0;23;256;114;17;71;10;0,5;0,06;2;0,31;1,9;0,3;2,7;1,4;0,03;0,03;0,011;0;1;0,4;0
54;0,148242098;0,000871283;1,80E-05;0,000352045;0,18831714;0,001694606;1914;Cereals and cereal products;Dough for pizza and savoury pie unprepared;951;226;5,7;5,9;5,5;36,5;0,6;1,8;0;0;207;94;15;62;12;0,5;0,11;3;0,4;1,4;0;0,2;3,2;0,05;0,05;0,074;0;;0,7;0
55;0,088378439;0,000804622;1,68E-05;0,00035476;0,142130368;0,000964153;220;Cereals and cereal products;Flour wheat white;1423;335;10,4;1,2;0,8;69;1,1;3,2;0;0;1;156;23;103;20;0,8;0,14;5;0,64;1,9;0;0,4;0,8;0,07;0,04;0,12;0;;1;0
56;0,170963775;0,00102759;2,47E-05;0,000399835;0,331860047;0,005759267;2366;Cereals and cereal products;Muesli crunchy plain/w fruit;1841;438;8,3;14,8;13,9;64,6;24;6,7;0;0;20;336;39;332;85;3,1;0,26;;2;0,9;0;3,2;;0,25;0,05;0,054;0;3,3;1,5;0
57;0,105399671;0,000868197;2,21E-05;0,000303182;0,241824049;0,002142279;213;Cereals and cereal products;Oatmeal;1575;373;12,8;7,3;6,8;60,7;2;7,3;0;0;7;300;70;380;117;4;0,2;7;3,02;0,5;0;1,6;;0,6;0,05;0,12;0;;1;0
58;0,227731141;0,002493824;1,57E-05;0,000442236;0,184832707;0,002597921;467;Cereals and cereal products;Pancake homemade prepared with margarin;856;203;8,3;5,8;5,3;29,2;4,9;0,6;0;27;217;209;106;201;21;0,8;0,06;3;0,73;11,4;0,5;1,5;1,2;0,1;0,22;0,042;0,36;1,1;0,4;0
59;0,152380667;0,000521903;8,15E-06;0,000171732;0,068080077;0,002434853;659;Cereals and cereal products;Pasta white boiled;601;142;5,1;0,9;0,6;27,7;0,7;1,4;0;0;4;48;16;74;19;0,7;0,12;1;0,64;1;0;0,2;0,1;0,03;0,03;0,018;0;1,9;1;0
60;0,164493304;0,000846315;1,26E-05;0,000167527;0,054079771;0,015949005;1014;Cereals and cereal products;Rice brown boiled;555;131;3,1;1;0,9;26,4;0;2,1;0;0;5;37;16;105;39;0,4;0,09;9;0,81;5;0;0;0,6;0,1;0,01;0,046;0;3,4;2,6;0
61;0,178407328;0,001018559;1,35E-05;0,000181069;0,0582945;0,017170776;658;Cereals and cereal products;Rice white boiled;620;146;3,2;0,3;0,3;32,2;0;0,7;0;0;4;25;12;42;9;0,2;0,08;1;0,75;5;0;0;;0,02;0,01;0,019;0;1,4;0,6;0
62;0,268932191;0,000394141;1,99E-05;7,54E-05;0,164372844;0,00292798;59;Vegetables;Bean sprouts boiled;72;17;1,8;0,1;0,1;1,7;1,1;1,2;0;0;5;67;22;30;13;0,4;0,1;1;0,26;;0;0,1;3,3;0,05;0,05;0,018;0;;1;4
63;0,198506474;0,000304684;1,59E-05;6,03E-05;0,131500561;0,002035228;58;Vegetables;Bean sprouts raw;104;25;2,2;0,1;0,1;3,2;1,8;1,2;0;0;6;121;16;37;15;0,4;0,1;1;0,3;;0;0,1;2,7;0,06;0,07;0,019;0;;1;8
64;0,162307651;0,000882781;2,51E-05;0,000222422;0,109453261;0,00537057;954;Vegetables;Beans French frozen boiled;144;34;1,8;0,1;0,1;5,4;1,2;2,1;0;0;5;153;69;37;20;0,7;0,06;0;0,25;3;0;0,1;24;0,05;0,05;0,012;0;;0,4;5
65;0,192187813;0,001121683;2,87E-05;0,000220122;0,10778326;0,005320578;139;Vegetables;Beans French tinned;110;26;1,6;0,3;0,3;2,9;0,8;2,6;0;0;162;127;49;20;12;0,5;0,08;0;0,26;3;0;0,1;16;0,03;0,05;0,027;0;;0,4;3
67;0,105992748;0,000944631;2,85E-05;0,000256114;0,123308617;0,005588269;951;Vegetables;Beans French boiled;105;25;1,8;0,4;0,3;2,2;1,2;2,9;0;0;2;265;54;42;27;0,8;0,08;0;0,37;3;0;0,3;16;0,06;0,08;0,071;0;0,9;0,5;1
68;0,183573977;0,001835371;4,25E-05;0,00059704;0,164558684;0,009125067;920;Vegetables;Broccoli boiled;112;27;3,9;0,3;0,2;0,8;0;2,7;0;0;5;399;33;97;19;0,9;0,06;0;0,62;2;0;2,5;156;0,05;0,07;0,077;0;1,1;0,5;38
69;0,039977832;0,000305905;6,50E-06;7,63E-05;0,023688748;0,00073763;71;Vegetables;Carrot raw ;135;32;0,8;0,3;0,2;5,3;4,2;2,8;0;0;28;259;25;29;7;0,2;0,03;0;0,24;2,5;0;0,4;7,4;0,03;0,03;0,079;0;0,7;0,6;4
70;0,077840732;0,000373462;7,32E-06;8,48E-05;0,026502223;0,001345626;72;Vegetables;Carrot boiled ;134;32;0,7;0,3;0,2;5,2;4,9;2,9;0;0;26;215;28;27;7;0,2;0,04;0;0,23;2,5;0;0,8;7,4;0,03;0,02;0,069;0;0,5;0,4;3
71;0,136235405;0,001322102;3,11E-05;0,000437776;0,120615268;0,006747683;15;Vegetables;Cauliflower boiled;92;22;1,8;0,4;0,3;1,8;1,2;2,3;0;0;10;224;25;47;9;0,3;0,05;0;0,26;2,5;0;0,1;28,5;0,02;0,05;0,063;0;0,8;0,5;22
72;0,050774651;0,000456963;1,06E-05;0,000116221;0,049164206;0,003966352;67;Vegetables;Chicory raw;78;19;1,3;0,2;0,1;2,4;2,4;1,2;0;0;2;194;22;34;10;0,2;0,09;0;0,2;0,4;0;0;;0,05;0,03;0,037;0;0,4;0,2;0
73;0,088291054;0,000588072;1,33E-05;0,000145303;0,06145253;0,005362942;68;Vegetables;Chicory boiled;69;16;1,2;0,2;0,1;2;2,1;1,1;0;0;3;183;24;31;10;0,2;0,05;0;0,17;0,4;0;0,2;;0,07;0,02;0,018;0;0,3;0,2;0
74;0,263449292;0,000564261;1,82E-05;0,000150268;0,038675121;0,012451966;966;Vegetables;Courgettes boiled;79;19;1,5;0,1;0,1;2,3;2,3;1,1;0;0;1;270;20;51;22;0,5;0,01;1;0,31;2,2;0;0,1;4,2;0,05;0,05;0,095;0;;0,5;3
75;0,187776042;0,000170965;4,93E-06;9,72E-06;0,003475834;0,008955995;2739;Vegetables;Cucumber with skin raw;53;13;0,7;0,4;0,3;1,3;1,3;0,6;0;0;2;187;20;32;11;1,1;0,03;0;0,63;3;0;0,1;20,9;0,01;0,02;0,034;0;0,3;0,2;4
76;0,198399797;0,00018547;5,21E-06;1,03E-05;0,003680896;0,009454717;27;Vegetables;Cucumber without skin raw;63;15;0,6;0,2;0,2;2,5;1,7;0,3;0;0;2;145;22;25;10;0,4;0,02;0;0,22;3;0;0;2;0,01;0,01;0,026;0;0,2;0,2;1
77;0,159947743;0,001046972;2,67E-05;0,000321518;0,066387695;0,003818425;16;Vegetables;Kale curly boiled;139;33;2,7;1,3;0,9;1;0,9;3,5;0;0;6;229;231;46;13;1,1;0,03;2;0,2;2;0;2,7;817;0;0,03;0,09;0;;0,4;25
78;0,068644057;0,000543332;1,21E-05;0,000130797;0,055520103;0,004590658;2346;Vegetables;Lettuce raw;65;16;1,6;0,3;0,2;1;0,9;1,4;0;0;17;303;67;36;17;0,8;0,04;0;0,33;1,6;0;0,3;76,3;0,05;0,06;0,066;0;0,6;0,4;1
79;0,068644057;0,000543332;1,21E-05;0,000130797;0,055520103;0,004590658;46;Vegetables;Lettuce butterhead raw;52;13;1,4;0,4;0,3;0,3;0,3;1,2;0;0;8;352;49;36;15;0,7;0,04;0;0,41;2,5;0;0,2;129;0,05;0,06;0,045;0;0,6;0,3;0
80;0,520834916;0,001963516;8,89E-06;7,27E-05;0,050281256;0,005293791;20;Vegetables;Mushroom boiled;90;21;3,8;0,3;0,2;0,4;0,2;1,1;0;0;5;250;5;64;7;1;0,4;7;0,3;0,5;0;0,1;0;0,07;0,3;0,07;0;;4;1
81;0,043777039;0,000365756;1,32E-05;0,000102265;0,028169518;0,001458066;63;Vegetables;Onions raw;157;37;1,3;0,2;0,1;6,3;4,5;2,7;0;0;4;185;29;33;9;0,3;0,06;1;0,29;3;0;0,1;0,4;0,04;0,02;0,121;0;0,4;0,2;5
82;0,078199599;0,000468041;1,63E-05;0,000126279;0,034774711;0,002196186;64;Vegetables;Onions boiled;147;35;1;0,2;0,1;6,3;3;2,2;0;0;2;159;24;38;9;0,2;0,07;0;0,31;1;0;0,1;0,5;0,03;0,01;0,116;0;0,3;0,1;5
83;0,199998332;0,000863265;3,42E-05;0,000218643;0,261940347;0,003045597;136;Vegetables;Peas and carrots tinned;235;56;3,4;0,5;0,4;7;3,2;4,8;0;0;146;120;29;58;13;1;0,1;1;0,58;2;0;0,5;13,1;0,06;0,05;0,053;0;;0,5;1
85;0,11371635;0,000655974;2,34E-05;0,000117119;0,089910093;0,001930597;953;Vegetables;Peas frozen boiled;391;92;6;0;0;14,8;1;4,5;0;0;6;163;32;98;27;1,8;0,1;1;0,8;2;0;0,2;36;0,24;0,09;0,078;0;;1,6;14
86;0,222812648;0,001270616;2,65E-05;0,000345625;0,125047948;0,003772976;146;Vegetables;Spinach frozen boiled;102;24;2,3;0,4;0,3;1,7;0,9;2,4;0;0;25;339;162;44;34;1,2;0,09;0;0,83;2;0;1,7;575;0,06;0,11;0,05;0;;1,1;8
87;0,450442229;0,000263018;1,58E-05;3,46E-05;0,010049555;0,023878201;2743;Vegetables;Sweet pepper boiled;114;27;0,9;0,1;0,1;4,8;4,1;1,8;0;0;2;196;9;26;10;0,4;0,04;1;0,23;1;0;3,8;5,5;0,04;0,05;0,255;0;1;0,9;114
88;0,371030421;0,000214372;1,38E-05;3,01E-05;0,008743503;0,02040628;2742;Vegetables;Sweet pepper raw;106;25;0,8;0,1;0,1;4,2;4,2;1,9;0;0;1;273;7;30;12;0,4;0,05;0;0,3;1;0;2,8;5;0,04;0,06;0,275;0;1,1;1;140
89;0,162691699;0,000960483;1,93E-05;0,000260799;0,179022172;0,010307751;2900;Vegetables;Sweetcorn tinned;382;91;2,9;1,5;1,1;14,8;5,2;3,2;0;0;133;163;11;100;45;0,5;0,04;0;0,4;3,3;0;0,9;0,4;0,12;0,07;0,1;0;;1,7;7
91;0,251018382;0,000112614;4,98E-06;1,19E-05;0,005028239;0,013261642;2735;Vegetables;Tomato boiled;96;23;0,7;0,7;0,5;2,9;2,8;1,3;0;0;2;233;9;24;8;0,6;0,03;0;0,21;2,5;0;0,7;2,8;0,03;0,01;0,077;0;0,7;0,6;14
92;0,179164035;7,74E-05;3,88E-06;9,23E-06;0,003924733;0,010038472;2734;Vegetables;Tomato raw;106;25;0,8;0,6;0,5;3,4;3,4;1,6;0;0;2;296;8;29;9;0,3;0,03;0;0,13;2,5;0;0,6;6;0,04;0,02;0,09;0;0,9;0,8;20
93;0,631585579;0,002783529;2,94E-05;0,000369151;0,317336323;0,005293525;1496;Savoury bread spreads;Salad fish;1258;304;8,6;26,8;25,3;6,9;4,1;0,3;0;55;617;161;19;113;15;0,6;0,06;20;0,44;7,7;1;6;22,9;0,06;0,06;0,108;1,07;;2,3;1
94;0,640842721;0,000991929;3,47E-05;0,000532824;1,035015499;0,011053969;3207;Savoury bread spreads;Hummus natural;1324;320;7,7;25,8;24,5;11,3;0,8;5,4;0;0;476;130;29;116;62;2;0,31;6;1,17;0,8;0;3,5;3;0,07;0,04;0,107;0;1,2;0,8;2
95;0,867810592;0,001129182;3,24E-05;0,000636084;0,700687721;0,017440893;455;Savoury bread spreads;Peanut butter;2704;654;22,5;56,4;53,7;10;5,2;8;0;0;248;575;45;318;145;1,8;0,66;9;2,6;0;0;12,4;16;0,13;0,1;0,02;0;9,6;6,2;0
96;0,172086504;0,00066118;1,39E-05;0,000263729;0,281131698;0,003640308;2449;Savoury sauces;Gravy 25% fat clear prep with gravy instant powder ;947;230;1;22,9;22;4,8;0,6;0,2;0;1;699;10;6;5;1;0;0,01;0;0;0,6;1,7;5,5;0;0;0;0;0;;0;0
97;0,292182655;0,001773845;2,51E-05;0,000310091;0,300788928;0,004083925;465;Savoury sauces;Sauce for chips 25% oil;1226;296;0,5;27,3;26;12;6,8;0,2;0;19;559;45;8;17;2;0,2;0,01;2;0,11;2,5;0,1;5;;0,01;0,01;0,002;0,07;0,1;0;0
98;0,551753865;0,003058958;5,36E-05;0,000783162;0,801138086;0,004858346;451;Savoury sauces;Mayonnaise;2732;664;1,1;71,6;68,1;3,6;3,4;0,2;0;47;301;27;13;48;2;0,5;0,01;4;0,29;2,5;0,2;17,5;;0,02;0,03;0,006;0;0,2;0;0
99;0,207512465;0,001342656;3,60E-05;0,000294182;0,076605982;0,008591303;1803;Savoury sauces;Sauce oriental ready-made in jar/bag;272;64;1,5;0,4;0,4;13,3;11,3;0,7;0;0;544;115;7;12;5;2;0,1;;0,9;;0;;;0,04;0,01;0,1;0;;0,2;18
100;0,116851488;0,000604276;1,08E-05;6,37E-05;0,040260814;0,004943132;1524;Savoury sauces;Sauce tomato ready made jar;283;68;1,6;3,3;3,1;6,9;5,5;1,8;0;0;331;313;10;20;8;0,5;0,04;0;0,17;3,7;0;1,2;4,1;0,04;0,01;0,074;0;0,6;0,6;11
101;0,483288518;0,001778666;5,66E-05;0,000521556;0,233989908;0,00803204;122;Savoury snacks;Crisps potato ;2242;538;6,3;32,8;31,5;52,3;1,7;4;0;0;529;1269;27;150;60;2,3;0,22;1;1,3;4;0;4,3;;0,21;0,08;0,72;0;;3,2;11
102;0,811439926;0,011201061;3,17E-05;0,001961291;0,446609042;0,006684786;326;Savoury snacks;Croquette meat ragout deep-fried in liquid fat;1136;272;8,9;16,6;15,6;20,9;2,6;1,9;0;14;545;115;15;84;17;1,2;0,09;4;1,2;0;0;3,5;10,9;0,09;0,06;0,034;0,34;2,5;1;0
103;0,095043171;0,000604361;1,39E-05;0,000227518;0,154259365;0,008698803;630;Savoury snacks;Popcorn plain popped without oil;1633;386;13;4;3,4;72;1,1;5;0;0;3;240;11;281;86;1,1;0,42;1;0,1;2;0;0;;0,39;0,12;0;0;;2,2;0
104;0,539601631;0,005993759;3,97E-05;0,001212267;0,533201001;0,006158118;266;Savoury snacks;Snack sausage roll puff pastry;1484;356;7,2;23,4;22,2;28,5;0,5;1,4;0;45;625;126;11;126;16;1,1;0,06;7;2,17;2,3;0,4;0,2;;0,29;0,18;0,245;0,8;4,8;2,7;5
105;0,518388398;0,004000534;3,81E-05;0,00048313;0,361631532;0,005532206;322;Savoury snacks;Sausage Dutch Frikandel deep-fried in liquid fat;1044;251;13,8;18,4;17,1;6,7;0,9;1,8;0;74;1012;214;108;210;28;2,1;0,09;8;1,5;0;0,4;1,5;30,4;0,13;0,12;0,086;0,54;6,4;3,8;1
106;1,04199675;0,014736691;3,00E-05;0,002065309;0,42348152;0,008311093;1723;Cheese;Cheese 20+;1031;246;34,5;12;11,3;0;0;0;0;40;683;100;1059;710;42;0,1;0,05;15;4,7;23;0,1;0,4;34,7;0,03;0,4;0,045;2,8;;0,1;1
107;1,101266612;0,015596059;3,18E-05;0,002186006;0,448222882;0,008786011;511;Cheese;Cheese Edam 40+;1345;324;25,5;24,3;22,8;0;0;0;0;78;1032;67;896;600;31;0,1;0,04;8;3,8;18;0,3;1;68,4;0,03;0,22;0,063;1,9;;0,1;1
108;0,850409751;0,010651509;6,30E-05;0,001699923;0,618131622;0,012270279;1650;Cheese;Cheese goat fresh;859;207;13,4;16,6;15,6;1;1;0;0;50;399;141;101;229;11;0,6;;;0,5;5;0,1;;1,8;0,01;0,3;;0,29;;;0
109;1,309298208;0,018612358;3,79E-05;0,00260964;0,535062719;0,01045293;513;Cheese;Cheese Gouda 48+ ;1534;370;22,9;30,6;28,7;0;0;0;0;82;670;80;819;542;33;0,2;0,04;12;3,47;21;0,3;0,9;68,4;0,01;0,28;0,036;2,03;5,1;0,1;0
110;0,845655222;0,011951544;2,44E-05;0,001674854;0,343444787;0,006765422;1955;Cheese;Cheese Mozzarella made from cow's milk;1051;253;18,7;19,5;18,3;0,7;0,7;0;0;46;480;145;160;350;10;0,4;;3;2,6;18;0,2;0,4;10,3;0,03;0,27;0,1;1,7;;0,4;0
111;1,309298208;0,018612358;3,79E-05;0,00260964;0,535062719;0,01045293;883;Cheese;Cheese Old Amsterdam 48+;1676;404;26;33;31;0;0;0;0;90;880;91;871;621;38;0,2;0,03;14;3,7;21;0,3;1;76,8;0,01;0,29;0,029;2,42;5,6;0,1;0
112;0,879616586;0,01205637;2,48E-05;0,001684779;0,345667816;0,007264378;515;Cheese;Cheese spread 48+ full fat;1078;260;13,4;21,7;20,4;2,1;2,1;0,5;0;60;931;109;467;781;21;0,1;0,03;8;2;9;0;0,6;12,7;0,02;0,24;0,014;0,64;;0,1;1
113;0,220883263;0,000725137;1,89E-05;0,000169679;0,081585753;0,004806091;429;Herbs and spices;Stock cube;1139;273;8,1;17,2;16,5;21,2;7,1;0,5;0;0;19687;490;40;240;32;1,2;0,7;;0,8;;0;;0;;;;;;;0
114;0,149947116;0,001876244;4,18E-06;0,000258174;0,061415954;0,00118093;289;Milk and milk products;Buttermilk;128;30;3;0,2;0,2;3,6;3,6;0;0;3;36;136;109;90;10;0;0,01;1;0,41;14,9;0;0;2,5;0,02;0,15;0,028;0,17;0,8;0,1;0
115;0,445669985;0,006346612;1,32E-05;0,000888711;0,190735837;0,003572883;299;Milk and milk products;Cream whipping unprepared;1398;339;2,3;35,3;33,2;3,1;3,1;0;0;94;36;97;78;58;8;0;0,01;1;0,18;9,9;0,1;1;10,5;0,02;0,12;0,024;0,2;;0,6;1
116;0,203330417;0,002061672;5,94E-06;0,000290698;0,070733079;0,001955467;1720;Milk and milk products;Custard several flavours full fat;367;87;2,1;2,6;2,5;13,6;8;0,5;0;8;45;121;74;54;8;0;0,01;1;0,23;10,6;0;0,1;1,3;0,02;0,13;0,025;0,19;;0;0
117;0,203330417;0,002061672;5,94E-06;0,000290698;0,070733079;0,001955467;282;Milk and milk products;Custard vanilla full fat;362;86;2,3;2,8;2,6;12,8;8,1;0,4;0;8;52;121;89;69;9;0;0,01;1;0,3;10,4;0;0,1;1,4;0,02;0,17;0,028;0,26;0,6;0,1;0
118;0,472042497;0,005887799;1,21E-05;0,00081662;0,167711471;0,003846839;307;Milk and milk products;Quark full fat;491;118;7,5;8;7,5;3,6;2,8;0;0;37;35;159;134;122;11;0;0,01;4;0,53;20,9;0,1;0,2;5,9;0,02;0,14;0,025;0,7;1,8;0;0
119;0,461037979;0,00476641;1,66E-05;0,000681176;0,144865781;0,003716158;303;Milk and milk products;Ice cream dairy ;904;216;2,9;11,3;10,6;25,3;20,1;0,5;0;33;49;165;94;79;11;0,1;0,01;2;0,26;20,6;0;0,5;0,7;0,02;0,23;0,036;0,41;0,7;0,1;0
120;0,251964774;0,002442116;1,34E-05;0,000352964;0,103491316;0,002058958;272;Milk and milk products;Milk chocolate-flavoured full fat;344;82;3,3;2,8;2,6;10,7;10,5;0,5;0;9;45;189;100;87;19;0,6;0,03;1;0,46;13,4;0;0,1;0,3;0,02;0,15;0,03;0,33;0,8;0,2;2
121;0,241317154;0,002282187;1,30E-05;0,000330433;0,098870599;0,001973247;1464;Milk and milk products;Milk chocolate-flavoured semi-skimmed;322;76;3,3;1,6;1,5;11,9;11,1;0,5;0;5;48;202;105;94;18;0,6;0,06;1;0,49;13,4;0,1;0,1;0,2;0,03;0,15;0,013;0,13;0,8;0,2;0
122;0,20270143;0,002482137;5,34E-06;0,000339204;0,07802249;0,001529834;286;Milk and milk products;Milk semi-skimmed;190;45;3,4;1,4;1,4;4,7;4,7;0;0;6;42;160;123;104;12;0;0,01;1;0,41;14,9;0;0;0,7;0,04;0,18;0,033;0,45;0,9;0,1;1
123;0,196786086;0,002393287;5,16E-06;0,000326687;0,075455425;0,001482216;294;Milk and milk products;Milk skimmed;149;35;3,7;0,1;0,1;4,9;4,9;0;0;3;44;169;126;106;12;0;0,01;1;0,46;14,9;0;0;0;0,04;0,18;0,037;0,44;1;0,2;0
124;0,208616774;0,002570986;5,52E-06;0,000351721;0,080589555;0,001577451;279;Milk and milk products;Milk whole;257;61;3,3;3,4;3,2;4,5;4,5;0;0;11;42;163;124;104;12;0;0,01;2;0,46;14,9;0;0,1;1,4;0,03;0,18;0,033;0,4;0,9;0,1;0
125;0,23546054;0,002573137;5,58E-06;0,000351869;0,080592894;0,002021516;278;Milk and milk products;Yoghurt full fat;234;56;3,8;2,7;2,6;3,4;2,7;0;0;9;39;159;145;111;12;0;0,01;2;0,5;15;0;0,1;1,4;0,02;0,17;0,028;0,22;1;0,1;0
126;0,229545196;0,002484287;5,40E-06;0,000339351;0,078025829;0,001973898;1502;Milk and milk products;Yoghurt half fat;212;50;4,2;1,5;1,4;4,3;4,3;0;0;4;51;142;139;88;12;0,1;0,01;1;0,45;14,9;0;0;0,7;0,03;0,2;0,03;0,39;1;0,1;2
127;0,216156419;0,002087694;7,98E-06;0,00030498;0,074238326;0,003685391;284;Milk and milk products;Yoghurt low fat with fruit;284;67;3;0,2;0,2;12,4;10,7;0,6;0;3;35;146;113;82;11;0;0,01;2;0,39;14,1;0;0,1;0,3;0,01;0,15;0,026;0,23;0;0;0
128;0,223629851;0,002395438;5,22E-06;0,000326834;0,075458764;0,001926281;301;Milk and milk products;Yoghurt low fat;156;37;4,1;0,2;0,2;4;4;0;0;3;43;159;152;118;13;0;0,01;1;0,61;14,9;0;0;0,1;0,02;0,17;0,041;0,28;1;0,1;1
129;0,149576814;0,001694776;7,89E-06;0,000268463;0,082774879;0,001716996;2476;Non-alcoholic beverages;Coffee cappuccino freshly made;131;31;1,8;1,7;1,6;2,3;2,3;0;0;6;22;121;64;52;9;0,1;0,01;1;0,23;7,7;0;0;0,7;0,02;0,1;0,016;0,2;0,7;0,3;0
130;0,02954337;0,00023093;5,09E-06;7,11E-05;0,039250983;0,000940461;644;Non-alcoholic beverages;Coffee prepared;5;1;0,2;0;0;0,1;0,1;0;0;0;1;78;4;0;6;0,2;0,01;0;0,01;0,4;0;0;;0,01;0,01;0;0;;0,4;0
131;0,059612304;9,41E-05;1,21E-06;3,98E-06;0,001547898;0,000715251;1523;Non-alcoholic beverages;Cola light soft drink with caffeine;0;0;0;0;0;0;0;0;0;0;8;0;5;16;0;0;0,01;0;0;;0;0;;0;0;0;0;;0;0
132;0,071121515;0,000277638;4,66E-06;5,47E-05;0,023081464;0,004833394;2086;Non-alcoholic beverages;Ice tea with sugar 5-<7 g CHO;105;25;0;0;0;6,2;6,1;0;0;0;41;1;2;0;0;0;0;0;0;;0;0;;0;0;0;0;;0;0
133;0,060329897;0,000189004;3,68E-06;2,65E-05;0,018892603;0,002129943;2134;Non-alcoholic beverages;Juice drink Dubbelfrisss;94;22;0;0;0;5,5;5,5;0;0;0;1;18;5;1;1;0;0;0;0;;0;0;0;0;0;0,008;0;;0;2
134;0,065323107;0,000265288;7,03E-06;5,38E-05;0,032807847;0,003893016;383;Non-alcoholic beverages;Juice apple;194;46;0,1;0;0;11,2;10,5;0;0;0;4;99;8;8;6;0,1;0,01;0;0,03;;0;0;0;0;0;0,021;0;0,1;0,1;0
135;0,149501057;0,000535363;2,49E-05;0,000131634;0,055520606;0,047470921;2755;Non-alcoholic beverages;Juice orange freshly squeezed;187;44;0,6;0,1;0,1;9,1;8,9;0,3;0;0;0;167;11;22;12;0,1;0,02;0;0,07;1,1;0;0,1;;0,06;0,01;0,041;0;0,3;0,3;48
136;0,141681201;0,00058048;1,41E-05;0,000112489;0,052637129;0,044949176;410;Non-alcoholic beverages;Juice orange pasteurized;193;45;0,6;0,1;0,1;9,5;9,1;0,3;0;0;1;172;12;19;12;0,1;0,03;0;0,08;1,1;0;0,2;0,1;0,07;0,02;0,055;0;0,3;0,2;31
137;0,011646214;2,38E-05;4,16E-07;2,07E-06;0,000801367;0,000273018;2441;Non-alcoholic beverages;Fruit drink conc diluted 1 to 7;119;28;0;0;0;7;6,9;0;0;0;2;10;4;0;1;0;0,02;0;0,01;0,4;0;0;0;0;0;0;0;;0;0
138;0,035925432;6,14E-05;8,65E-07;9,62E-08;0,00053409;0,000544565;747;Non-alcoholic beverages;Mineral water sparkling and not sparkling ;0;0;0;0;0;0;0;0;0;0;1;0;3;0;1;0;;0;0;;0;0;0;0;0;0;0;;0;0
139;0,067684916;0,000174469;3,93E-06;3,37E-05;0,009578479;0,000867906;395;Non-alcoholic beverages;Soft drink with sugar with caffeine;176;41;0;0;0;10,4;10,4;0;0;0;1;0;5;16;0;0;0,01;0;0;;0;0;;0;0;0;0;;0;0
140;0,059612304;9,41E-05;1,21E-06;3,98E-06;0,001547898;0,000715251;1522;Non-alcoholic beverages;Soft drink light without caffeine;0;0;0;0;0;0;0;0;0;0;9;0;0;7;0;0,2;0;0;0;;0;0;;0;0;0;0;;0;0
141;0,062437718;0,000122236;2,16E-06;1,44E-05;0,004358601;0,00076868;2641;Non-alcoholic beverages;Soft drink with sugar and sweetener 2-<5 CHO with caffeine;45;11;0;0;0;2,6;2,6;0;0;0;1;0;5;19;0;0;0,01;0;0;;0;0;;0;0;0;0;;0;0
142;0,016012108;0,000154099;2,31E-06;4,12E-05;0,018931189;0,00420231;645;Non-alcoholic beverages;Tea prepared;0;0;0;0;0;0;0;0;0;0;2;8;5;2;1;0;0,01;0;0,01;0,4;0;0;;0;0;0,018;0;;0;0
143;6,33E-05;1,26E-07;1,00E-11;4,45E-09;0;0,000100228;1885;Non-alcoholic beverages;Water ;0;0;0;0;0;0;0;0;0;0;2;0;5;0;1;0;0,02;0;0;0,4;0;0;0;0;0;0;0;;0;0
144;0,487060705;0,006111577;6,65E-05;0,001972092;0,745025005;0,438107477;198;Nuts and seeds;Almonds blanched unsalted;2609;631;21,7;55,8;53;7,1;3,8;7;0;0;5;822;283;625;305;3,3;0,65;2;3,1;2,5;0;21,8;;0,15;0,7;0,06;0;7,9;4,3;0
145;0,425531718;0,006877752;0,00033162;0,002010039;1,39427655;0,200277204;199;Nuts and seeds;Cashew nuts unsalted;2552;615;21,2;48,9;46,9;20,8;5;3,8;0;0;10;682;44;607;269;6,7;1,7;37;5,8;2,5;0;1,9;;0,29;0,13;0,195;0;9,4;4,3;0
146;0,388947451;0,003353374;7,88E-05;0,001327471;1,127035629;0,161487192;200;Nuts and seeds;Hazelnuts unsalted;2763;670;16,4;63;59,9;4,8;4,3;9;0;0;1;720;160;320;160;3,6;1,5;2;2,25;5,6;0;15,2;;0,38;0,11;0,34;0;;1,1;4
147;0,166908506;0,001564868;5,17E-05;0,00055358;1,176913266;0,012885602;867;Nuts and seeds;Linseeds;1969;477;19;31;29,8;13;0;34,8;0;0;28;725;255;660;181;5,7;;13;7,8;0,5;0;0,7;;1,64;0,16;0;0;;3,1;0
148;0,735472843;0,000694596;2,16E-05;0,000556289;0,596581278;0,017105308;204;Nuts and seeds;Peanuts unsalted;2596;627;25,2;51,7;49,1;11,8;4,8;6,8;0;0;0;757;56;456;216;1,9;0,61;16;3,3;2,5;0;6,4;;0,16;0,08;0,158;0;21,6;17,5;0
149;0,397360977;0,003008536;0,000150237;0,00065022;0,497539759;0,443763186;1896;Nuts and seeds;Pistachio nuts salted;2452;592;23,8;48,3;46,1;10,8;5,7;9,5;0;0;660;871;131;598;136;4,3;1;20;2,9;2,5;0;4,8;;0,64;0,15;1,168;0;7,5;2;0
150;0,330569594;0,003431022;2,57E-05;0,00081267;0,388429957;0,409068197;206;Nuts and seeds;Walnuts unsalted;2914;706;15,9;68,1;64,7;5,1;2,9;4,6;0;0;0;532;117;521;196;3,4;1,1;12;3,4;2,5;0;3,1;;0,37;0,11;0,417;0;4,6;1,4;0
152;0,197014646;0,00120961;3,30E-05;0,000216063;0,21446767;0,007407788;660;Legumes;Beans brown canned;506;120;6,5;0,7;0,5;18;0,9;7,9;0;0;119;285;50;100;34;1,6;0,25;1;0,54;0,6;0;0,1;6;0,06;0,04;0,022;0;1,8;0,4;0
153;0,372762165;0,000458342;2,58E-05;0,000281357;0,489981474;0,004070252;1095;Legumes;Peas chick boiled;580;138;7,6;3;2,3;15,9;0,3;8,8;0;0;3;215;59;124;42;1,8;0,23;5;1,29;0,2;0;1,7;2,9;0,09;0,03;0,023;0;1,4;0,2;0
154;0,323939941;0,003042815;0,000134098;0,000649184;0,543412242;0,00315871;1962;Sugar, sweets and sweet sauces;Chocolate sprinkles milk;1913;455;6,3;15,6;15;70,3;64,7;3,7;0;11;51;359;116;162;66;4,5;0,56;5;1,1;17;0;0,8;;0,07;0,24;0,031;0,52;1,6;0,5;0
155;0,216103243;0,001330399;0,000171037;0,000443217;0,647645519;0,002161997;1963;Sugar, sweets and sweet sauces;Chocolate sprinkles dark;1873;446;5,8;15,3;14,7;67,4;60,5;6,6;0;1;27;845;36;184;119;8,1;0,98;4;1,27;2,5;0;0,8;;0,02;0,05;0,018;0,21;1,6;0,7;0
156;0,605768083;0,006195757;0,000160263;0,001061889;0,708565073;0,005638021;431;Sugar, sweets and sweet sauces;Chocolate milk;2286;548;7;34,1;32,7;52;49;2,8;0;18;70;404;162;205;50;3,2;0,23;5;1,1;20;0;1,2;2,3;0,09;0,35;0,041;0,58;1,8;0,5;1
157;0,438167207;0,002350081;5,60E-05;0,000564085;0,370606888;0,012707761;2657;Sugar, sweets and sweet sauces;Spread duo with chocolate;2402;576;1,8;36,5;35;59,5;57,4;1,3;0;0;39;302;97;120;42;1,7;0,42;3;1,3;2,5;0;0,2;;0,03;0,23;0,03;0,58;;0,1;0
158;0,447370883;0,002709994;6,64E-05;0,000656733;0,464235656;0,024384688;436;Sugar, sweets and sweet sauces;Spread chocolate hazelnut;2344;562;5,7;35,3;33,9;53,9;50,2;2,9;0;3;53;465;116;193;74;4,5;0,42;3;1,3;2,5;0;9,8;;0,04;0,15;0,045;0;1,5;0,4;1
159;0,119343348;0,000674562;7,74E-06;5,39E-05;0,020039384;0,000951823;443;Sugar, sweets and sweet sauces;Honey;1364;321;0,3;0;0;80;80;0;0;0;10;55;7;4;2;0,8;0,02;0;0,62;0,5;0;0;;0;0,03;0,032;0;;0,1;4
161;0,110201669;0,000333555;8,33E-06;8,63E-05;0,032993511;0,003074519;1474;Sugar, sweets and sweet sauces;Ice lolly;318;75;0,2;0,2;0,2;18;17;0,2;0;0;2;22;5;2;2;0;0,01;0;0,02;0,3;0;0;0;0,01;0;0,012;0;;0;2
162;0,189408727;0,001141563;2,68E-05;0,000243708;0,119513784;0,012686431;445;Sugar, sweets and sweet sauces;Jam;1055;248;0,3;0,1;0,1;60,8;51,2;1,2;0;0;10;69;8;9;4;0,4;0,03;0;0,04;0,3;0;0,5;;0,01;0,01;0,013;0;;0,2;3
163;0,083537358;0,00082272;2,76E-05;0,000290939;0,074835975;0,001390016;377;Sugar, sweets and sweet sauces;Sugar granulated;1700;400;0;0;0;100;100;0;0;0;0;4;0;0;2;0,1;0,02;0;0,01;0;0;0;;0;0;0;0;;0;0
164;0,147429614;0,000425041;1,18E-05;7,67E-05;0,03039245;0,010943987;427;Sugar, sweets and sweet sauces;Syrup apple;1188;280;1,8;0;0;65,9;58;4,6;0;0;48;599;24;86;82;13,2;0,14;0;0,81;0;0;0;0,6;0,03;0,1;0,088;0;;0,5;1
165;1,223765039;0,017570841;3,56E-05;0,002461203;0,50498608;0,009813061;879;Fats and oils;Butter salted;3033;737;0,7;81,2;76,3;1,1;1,1;0;0;221;400;27;17;23;2;0,1;0,01;1;0,09;1,5;0,3;2,8;29,9;0,01;0,03;0;0,3;;0;0
166;1,223685342;0,017570419;3,56E-05;0,002461202;0,50498608;0,009811833;310;Fats and oils;Butter unsalted;3033;737;0,7;81,2;76,3;1,1;1,1;0;0;221;5;27;17;23;2;0,1;0,01;1;0,09;1,5;0,3;2,8;29,9;0,01;0,03;0;0,3;;0;0
167;0,501045999;0,002284626;5,10E-05;0,001066164;1,217440852;0,010591052;2525;Fats and oils;Frying fat horeca;3700;900;0;100;96;0;0;0;0;1;0;0;0;0;0;0;0;0;0;;0;;;0;0;0;0;;0;0
168;0,251617176;0,000893533;2,07E-05;0,000411149;0,479070898;0,005409565;2059;Fats and oils;Low fat margarine 40% fat <17 g sat fa salted;1463;356;0,1;39,2;37,7;0,5;0,1;0,1;0;1;191;42;10;23;2;0,1;0;0;0;1,5;7,3;9,8;;0;0;0;0;;0;0
169;0,71718792;0,005656688;0,000210289;0,002038821;2,915111468;0,380119454;601;Fats and oils;Oil olive;3700;900;0;100;96;0;0;0;0;0;0;0;0;0;0;0;0,01;0;0;;0;5,1;53,7;0;0;0;0;;0;0
170;0,50106495;0,002417874;5,01E-05;0,001242282;1,50859998;0,018434876;317;Fats and oils;Oil sunflower seed;3687;897;0,3;99,5;95,5;0;0;0;0;0;0;0;0;0;0;0;0;2;0;;0;48,7;5,7;0;0;0;0;;0;0
171;0,694688432;0,001870992;3,04E-06;2,22E-05;0,009495957;0,003694649;1315;Fish, crustacean and shellfish;Cod fillet fried/simmered;498;118;21,5;3,3;2,7;0,6;0;0;0;35;108;285;13;200;27;0,2;0,03;37;0,5;243;;1,2;;;;;2;;;
172;0,623508151;0,001802207;1,04E-05;0,000214051;0,124746296;0,003894949;814;Fish, crustacean and shellfish;Fish fingers fried in sunflower oil;999;239;16,4;13;12,5;13,9;1;0,4;0;38;380;248;16;120;32;0,9;0,06;13;0,58;120;1,4;3,5;;0,11;0,07;0,15;2;;4,9;0
173;0,198541967;0,000603538;1,31E-05;0,00010612;0,015949138;0,00262871;349;Fish, crustacean and shellfish;Herring fillet in tomato sauce tinned;838;201;12;14,6;13,4;5,4;4,5;0,5;0;90;454;295;64;128;23;1,4;0,12;24;0,53;18;6,2;3,6;;0,05;0,08;0,15;10,4;;2,6;4
174;0,358297579;0,001135599;2,10E-05;0,000135731;0,006537032;0,002357081;1100;Fish, crustacean and shellfish;Herring pickled (sweet)sour;862;208;16;16;14,7;0;0;0;0;90;818;58;38;149;5;1,4;0,12;46;0,3;32;6,2;0,6;;0,05;0,21;0,15;6,1;;7,3;0
175;0,280600876;0,000658574;1,36E-05;0,000135281;0,001368006;0,001801776;350;Fish, crustacean and shellfish;Herring salted;719;172;17,6;10,1;9,3;2,8;0;0;0;55;1097;293;51;297;40;1,4;0,09;46;0,73;28,9;6,2;0,4;;0;0,18;0,343;9,26;10,9;7,3;0
176;0,726218533;0,001993274;3,06E-06;2,17E-05;0,009497326;0,003812836;3321;Fish, crustacean and shellfish;Lemon sole raw;310;73;16,7;0,7;0,6;0;0;0;0;47;115;177;17;124;26;0,1;0;50;0,3;23;;0,7;;0,15;0,08;0,15;1;;4,3;0
177;0,216703768;0,000458042;1,20E-05;0,000117373;0,001366736;0,001515964;1586;Fish, crustacean and shellfish;Mackerel fillet smoked;1250;301;21,1;24,1;22,4;0;0;0;0;63;746;319;33;237;38;1,2;0,07;59;0,9;50;8,2;0,5;;0,15;0,37;0,28;10,2;;6,9;0
178;1,336458783;0,002545585;9,52E-05;0,000552767;0,697953995;0,010721626;2765;Fish, crustacean and shellfish;Pangasius bereid in magnetron z toev;375;89;18,6;1,6;1,3;0;0;0;0;58;241;261;10;192;22;0,1;0,01;12;0,41;6;0,1;0,3;;0;0,05;0,101;0,42;5,5;2;1
179;0,726218533;0,001993274;3,06E-06;2,17E-05;0,009497326;0,003812836;817;Fish, crustacean and shellfish;Plaice fried;810;194;22;10,9;10,4;2;0;0;0;85;110;372;101;125;30;0,9;0,03;48;1;31;1,1;2,6;;0,22;0,11;0,078;2;;4,9;2
180;0,883647947;0,002475301;3,15E-06;2,46E-05;0,0095017;0,004401948;919;Fish, crustacean and shellfish;Pollock (Atlantic) boiled;481;114;25;1,5;1,2;0;0;0;0;66;95;420;10;237;44;0,4;0,06;46;0,6;154;1,4;0,8;;0,29;0,24;0,37;4,8;;3,2;0
182;0,374312164;0,001118849;1,43E-05;0,000133025;0,002114383;0,001614978;602;Fish, crustacean and shellfish;Salmon tinned;613;146;20,4;7,2;6,6;0;0;0;0;90;397;316;91;170;25;0,9;0,05;25;0,8;59;10,9;2,1;;0,02;0,22;0,21;4;;5,9;0
183;0,688129211;0,001608005;4,69E-05;0,000403715;0,222317814;0,00455311;1587;Fish, crustacean and shellfish;Salmon farmed raw;748;179;20;11;10,1;0;0;0;0;80;46;451;7;227;26;0,3;0,04;30;0,48;23,8;7,9;1,4;;0,12;0,11;0,51;3,5;;7,3;0
185;0,661523588;0,001573909;4,64E-05;0,000397121;0,214201069;0,004118756;1096;Fish, crustacean and shellfish;Salmon smoked;785;188;21,8;10,8;10;0,8;0;0;0;52;1319;489;9;318;32;0,2;0,02;16;0,42;13;4;2,5;;0,27;0,17;0,563;5,02;15,1;10,6;0
187;1,541070076;0,004058172;0,000669673;0,000793032;0,215206209;0,007681978;348;Fish, crustacean and shellfish;Shrimps Dutch boiled;397;94;19,8;1,6;1,3;0,1;0,1;0;0;202;953;142;134;139;35;0,2;0,71;31;1,8;55;0,1;5,1;;0,03;0,34;0,042;16,78;5,4;1,3;0
188;2,285592949;0,009739522;9,38E-05;0,000567896;0,672898035;0,010383085;2299;Fish, crustacean and shellfish;Tilapia raw;364;86;17,9;1,6;1,4;0;0;0;0;47;52;353;18;181;28;0,2;0,02;28;0,34;4;24,3;0,7;1,7;0,05;0,05;0,18;1,1;;4;0
189;1,26987486;0,003116175;3,10E-05;0,00036193;0,375696062;0,00474782;1611;Fish, crustacean and shellfish;Trout prepared in microwave oven no ingredients added;587;140;24,5;4,6;4,1;0;0;0;0;68;74;497;35;325;32;0,4;0,04;16;0,57;8;9,4;1,7;;0,13;0,1;0,305;5,72;11,8;6,9;1
190;1,454962009;0,00483714;1,57E-05;0,000143673;0,002152245;0,005661748;1589;Fish, crustacean and shellfish;Tuna in oil tinned;862;206;27;10,8;9,6;0,1;0,1;0,1;0;56;393;291;12;200;33;1,6;0,2;90;1,1;14;2,1;3,5;;0,02;0,12;0,51;5;;16,1;0
191;0,819011051;0,003490142;4,47E-05;0,00102647;1,097655537;0,015322885;818;Fish, crustacean and shellfish;White fish fillet in batter deep-fried in vegetable oil;879;210;19;11,2;10,8;8,2;0,3;0,2;0;75;400;348;101;125;30;0,7;0,03;48;0,6;99;1,4;2,6;;0,04;0,11;0,078;0,9;;4,9;0
192;3,133860434;0,054460765;0,00011431;0,009016455;1,54518413;0,025044489;1539;Meat and poultry;Beef frying steak prepared;590;140;27,5;3,3;3,1;0;0;0,2;0;47;67;514;7;262;30;2,7;0,09;15;5,96;2,2;0,5;0,9;;0,05;0,22;0,36;2,36;;5,6;0
193;3,052565338;0,05358105;0,000112933;0,008892737;1,543564024;0,024364145;1545;Meat and poultry;Beef roast prepared;656;156;27,2;5,1;4,8;0,2;0,2;0;0;55;105;382;5;200;26;2;0,07;9;5,6;9;0,5;0,6;;0,04;0,2;0,423;2,59;;4,4;0
194;3,133860434;0,054460765;0,00011431;0,009016455;1,54518413;0,025044489;1536;Meat and poultry;Beef rump steak prepared;616;146;29,3;3,2;3;0;0;0;0;41;53;561;10;273;32;2,8;0,09;14;5,53;2,5;0,5;1;;0,05;0,19;0,453;1,7;12;5,3;0
195;1,087318182;0,009303673;9,02E-05;0,000832612;0,745896936;0,014714682;1634;Meat and poultry;Chicken fillet raw;463;109;23,3;1,8;1,5;0;0;0;0;70;53;351;6;219;30;0,6;0,15;13;0,65;0;0,3;0,5;9;0,08;0,03;0,666;0,2;;11,4;0
196;1,355028909;0,011643868;0,000112677;0,001038648;0,92975738;0,0183075;1633;Meat and poultry;Chicken with skin prepared;942;226;25,3;13,8;11,9;0;0;0;0;110;74;304;13;216;25;1,2;;;2,18;7;;;;0,06;0,22;0,271;0,29;;;0
197;3,067624685;0,052933847;0,000112569;0,008765149;1,504743955;0,024830609;1435;Meat and poultry;Hamburger raw;995;239;16,8;18;17,1;2,2;0,9;0,6;0;46;758;175;14;149;19;1,8;0,07;7;3,37;2,5;0,5;0,7;;0,09;0,12;0,212;1,52;5,7;2,7;17
198;;;;;;;1675;Meat and poultry;Lamb >10 g fat raw ;918;221;19,3;16;14,4;0;0;0;0;77;66;303;16;185;21;1,8;0,08;2;3,47;6,4;0,3;0,2;;0,06;0,19;0,158;2;;4,8;0
199;3,002570354;0,053736541;0,000113621;0,008910684;1,526474892;0,023722146;1405;Meat and poultry;Minced beef raw;937;225;18,9;16,5;15,6;0,2;0,2;0,3;0;53;110;313;8;167;20;2;0,06;8;4,33;2,5;0,7;0,5;;0,03;0,13;0,272;1,9;6,9;3,5;8
200;2,037290962;0,032448413;0,000106133;0,005160017;1,197422452;0,017059395;1326;Meat and poultry;Minced beef/pork shallow fried;1322;317;30,1;21,6;20,5;0,4;0,4;0,6;0;48;312;697;29;298;31;2,1;0,15;15;5,24;3,2;1,3;3,2;;0,41;0,22;0,283;1,86;12,1;6,8;6
201;1,24190297;0,012915868;0,000113313;0,001629375;1,004841476;0,012109709;1667;Meat and poultry;Pork <5% fat raw ;531;126;21,8;3;2,7;2,8;0,7;0,3;0;30;186;417;7;234;29;0,7;0,07;12;1,87;1,3;0,3;0,5;2,4;0,77;0,18;0,522;0,39;11,3;6,9;0
202;1,24190297;0,012915868;0,000113313;0,001629375;1,004841476;0,012109709;1668;Meat and poultry;Pork 5-14% fat raw ;689;165;20;9,1;8,5;0,5;0,2;0,3;0;47;177;387;16;210;25;0,9;0,07;12;2,7;2,1;0,4;0,7;1;0,61;0,18;0,442;0,62;8,9;4,9;2
203;1,441391199;0,015027748;0,000131728;0,001893243;1,166718318;0,014025153;1559;Meat and poultry;Pork shoulder chop prepared;1287;308;37,1;17,7;16,6;0;0;0;0;96;95;650;13;340;37;1,9;0,15;23;6,37;1,6;1;2,6;;0,53;0,32;0,289;0,9;15,3;7,5;0
205;1,4373107;0,021466883;7,05E-05;0,003354345;0,779427193;0,012168037;566;Meat and poultry;Sausage frankfurter tinned;837;201;12;15,4;14,6;3,8;0,3;0,1;0;48;780;102;22;150;10;1,1;0,06;7;1,4;18;0,7;0,2;;0,5;0,08;0,091;0,44;;4;0
206;1,568096653;0,020559577;9,45E-05;0,003095453;0,956464797;0,01416331;1551;Meat and poultry;Sausage pork Braadworst prepared;1025;246;22,4;17,1;16;0,6;0,5;0;0;63;732;400;18;213;24;1,2;0,09;13;3,05;2;1,1;1,5;;0,46;0,19;0,34;0,88;;4,6;14
207;2,186926169;0,036879222;7,85E-05;0,006108062;1,062697732;0,017962356;2301;Meat and poultry;Sausage smoked beef cooked;995;240;13;20;19;2;0,2;0;0;53;933;411;19;218;27;2,8;0,1;10;5,81;6,3;0,3;2,5;;0,07;0,16;0,185;2,32;;4,3;7
208;3,100291863;0,038868148;0,000122874;0,00419528;1,625440286;0,035489312;1673;Meat and poultry;Veal <5% fat raw ;442;105;22;1,8;1,3;0;0;0;0;43;59;421;4;228;26;1;0,06;8;3,45;3,1;0,4;0,3;;0,12;0,17;0,431;2,15;10,3;5,9;1
209;0,444128393;0,001621123;1,39E-05;0,000128787;0,335922024;0,009555229;2030;Meat substitutes and dairy substitutes;Minced meat vegetarian based on mycoprotein unprepared;396;95;14,1;2,5;2,4;0,7;0;6,5;0;0;34;79;187;250;43;0,3;0,3;4;6,23;0;0;0;0;0;0,45;0,059;0;4,2;0,7;0
210;0,512865251;0,003940684;3,66E-05;0,000649572;0,540061038;0,010839086;2541;Meat substitutes and dairy substitutes;Sausage luncheon meat vegetarian fortified with iron and vit B12;749;181;6,6;14,7;14,1;4,6;1;1,8;0;0;680;400;48;85;12;4,3;0,08;3;0,45;;0;6,4;1;0,01;0,07;0,005;1,28;2,1;0,2;7
211;0,07600976;0,000171757;3,77E-06;2,02E-05;0,034816329;0,001138842;870;Meat substitutes and dairy substitutes;Drink soya without sugar;147;35;3,4;1,8;1,7;1;0,9;0,6;0;0;11;150;17;44;18;0,5;0,13;1;0,35;1;0;0,4;4,8;0,02;0,02;0,052;0;0,9;0,2;0
212;1,09835298;0,010877655;9,47E-05;0,001367495;0,842293748;0,010680384;639;Cold meat cuts;Bacon rasher streaky;1291;312;15,7;27,5;26,1;0,5;0,5;0;0;36;1347;425;8;110;13;0,6;0,06;9;1,7;7;0,7;0,1;0;0,38;0,19;0,2;0,74;;1,6;0
213;2,725272076;0,047891227;0,000100292;0,007930528;1,352693678;0,021631552;340;Cold meat cuts;Beef smoke-dried;457;108;22;2;1,9;0,5;0,5;0;0;23;1800;268;5;190;21;2,5;0,08;7;3,3;9;0,1;0,6;;0,04;0,17;0,41;1,3;;4;0
214;0,968070308;0,008033546;7,66E-05;0,000710528;0,631554313;0,013009876;2654;Cold meat cuts;Chicken (processed meat product);526;125;17,5;4,4;3,7;3,4;1;0;0;;932;255;7;256;24;0,7;0,03;18;1,77;8;0,2;1,1;;0,07;0,1;0,421;0,29;;10,3;0
215;1,768254889;0,028978941;7,05E-05;0,00492721;1,084289107;0,017251499;810;Cold meat cuts;Beef steak tartare spiced filet americain;997;240;14,2;18,8;17,7;3;1,3;0,9;0;50;713;359;14;158;15;2;0,05;9;4,8;2,5;0,9;6,5;;0,03;0,11;0,143;1,51;7,2;4,5;12
216;1,081725469;0,010855166;9,44E-05;0,001361317;0,834813684;0,010402406;784;Cold meat cuts;Ham lean boiled;564;134;18;5,7;5,3;2,5;0,4;0,1;0;48;859;478;8;298;22;0,7;0,04;13;1,7;2,5;0,1;0,2;;0,66;0,14;0,109;0,42;11,3;7,5;25
217;1,08235441;0,010859816;9,45E-05;0,001362751;0,83546433;0,010440405;785;Cold meat cuts;Ham shoulder medium fat boiled;556;133;16,4;6,2;5,7;2,4;0,6;0,4;0;44;826;530;9;330;19;0,8;0,05;11;2,2;2,5;0,1;0,5;;0,52;0,17;0,09;0,44;8,9;5,6;27
218;0,573236455;0,004984493;4,37E-05;0,000610933;0,37483864;0,005813424;1239;Cold meat cuts;Liver pate sausage;1320;319;12,3;28,6;25,5;3;0,2;0,3;0;100;680;125;8;161;10;5,6;0,45;19;2,3;2,5;0,9;1,1;;0,08;0,75;0,164;5,76;7,2;5,2;32
219;0,822750967;0,009813348;6,69E-05;0,001369557;0,610806299;0,007714124;1155;Cold meat cuts;Meatloaf (processed meat product);1260;304;12,8;25,6;24,3;5,6;2;0,3;0;48;951;349;29;298;13;2,1;0,15;15;5,24;3,2;1,3;0,2;;0,41;0,22;0,283;0,71;;6,8;16
220;1,518234393;0,02228698;8,05E-05;0,003496123;0,872463432;0,013242665;1162;Cold meat cuts;Sausage cooked;1477;357;11,3;33;31,4;3,7;1,1;0;0;50;894;165;18;286;11;1,3;0,06;8;1,34;2,2;0,7;0,3;;0,18;0,12;0,035;0,75;;3,5;0
221;0,653439634;0,006083989;5,39E-05;0,000758386;0,462701023;0,006605628;567;Cold meat cuts;Sausage luncheon meat;1269;306;11,6;26,9;25,6;3,5;0,7;0,2;0;62;866;258;18;286;13;1,3;0,06;8;1,7;2,3;0,7;0,3;11,6;0,18;0,12;0,035;0,66;5,4;3,5;38
222;2,409755856;0,042035206;8,81E-05;0,006955333;1,185976337;0,019154992;2768;Cold meat cuts;Sausage raw beef;693;166;18,6;9,4;8,9;1,1;0,4;1,2;0;62;1235;312;9;187;19;2,2;0,05;;4,8;2,5;0,3;1;;0,03;0,13;0,107;2,08;10,7;7,5;45
223;1,473579231;0,021082524;7,98E-05;0,003267229;0,854940609;0,01301027;638;Cold meat cuts;Salami sausage saveloy;1550;375;17,8;33;31,3;1,3;0,6;0,7;0;66;1361;249;29;169;16;1,5;0,06;11;2,34;2,5;0,9;0,5;11,3;0,27;0,12;0,165;0,92;7,9;5,5;9
224;;;;;;;;;;;;;;;;;;;;;;;;;;;;;;;;;;;;;;;
